ct_path,lt_path,rt_path,steer,throttle,brake,speed,high_level_control
IMG/center_2019_05_16_11_25_40_098.jpg,IMG/left_2019_05_16_11_25_40_098.jpg,IMG/right_2019_05_16_11_25_40_098.jpg,0.0,0.0,0,1.031319e-06,0
IMG/center_2019_05_16_11_25_40_179.jpg,IMG/left_2019_05_16_11_25_40_179.jpg,IMG/right_2019_05_16_11_25_40_179.jpg,0.0,0.0,0,1.031321e-06,0
IMG/center_2019_05_16_11_25_40_263.jpg,IMG/left_2019_05_16_11_25_40_263.jpg,IMG/right_2019_05_16_11_25_40_263.jpg,0.0,0.0,0,1.064585e-06,0
IMG/center_2019_05_16_11_25_40_348.jpg,IMG/left_2019_05_16_11_25_40_348.jpg,IMG/right_2019_05_16_11_25_40_348.jpg,0.0,0.0,0,3.995443e-07,0
IMG/center_2019_05_16_11_25_40_433.jpg,IMG/left_2019_05_16_11_25_40_433.jpg,IMG/right_2019_05_16_11_25_40_433.jpg,0.0,0.0,0,4.1903059999999994e-08,0
IMG/center_2019_05_16_11_25_40_518.jpg,IMG/left_2019_05_16_11_25_40_518.jpg,IMG/right_2019_05_16_11_25_40_518.jpg,0.0,0.0,0,1.230889e-06,0
IMG/center_2019_05_16_11_25_40_604.jpg,IMG/left_2019_05_16_11_25_40_604.jpg,IMG/right_2019_05_16_11_25_40_604.jpg,0.0,0.0,0,1.330701e-06,0
IMG/center_2019_05_16_11_25_40_686.jpg,IMG/left_2019_05_16_11_25_40_686.jpg,IMG/right_2019_05_16_11_25_40_686.jpg,0.0,0.0,0,1.3307169999999999e-06,0
IMG/center_2019_05_16_11_25_40_767.jpg,IMG/left_2019_05_16_11_25_40_767.jpg,IMG/right_2019_05_16_11_25_40_767.jpg,0.0,0.0,0,1.3644960000000001e-06,0
IMG/center_2019_05_16_11_25_40_847.jpg,IMG/left_2019_05_16_11_25_40_847.jpg,IMG/right_2019_05_16_11_25_40_847.jpg,0.0,0.0,0,4.3017919999999996e-08,0
IMG/center_2019_05_16_11_25_40_927.jpg,IMG/left_2019_05_16_11_25_40_927.jpg,IMG/right_2019_05_16_11_25_40_927.jpg,0.0,0.0,0,1.164382e-06,0
IMG/center_2019_05_16_11_25_41_003.jpg,IMG/left_2019_05_16_11_25_41_003.jpg,IMG/right_2019_05_16_11_25_41_003.jpg,0.0,0.0,0,2.628133e-06,0
IMG/center_2019_05_16_11_25_41_083.jpg,IMG/left_2019_05_16_11_25_41_083.jpg,IMG/right_2019_05_16_11_25_41_083.jpg,0.0,0.0,0,1.034782e-07,0
IMG/center_2019_05_16_11_25_41_164.jpg,IMG/left_2019_05_16_11_25_41_164.jpg,IMG/right_2019_05_16_11_25_41_164.jpg,0.0,0.0,0,1.0313280000000001e-06,0
IMG/center_2019_05_16_11_25_41_241.jpg,IMG/left_2019_05_16_11_25_41_241.jpg,IMG/right_2019_05_16_11_25_41_241.jpg,0.0,0.0,0,3.193589e-06,0
IMG/center_2019_05_16_11_25_41_323.jpg,IMG/left_2019_05_16_11_25_41_323.jpg,IMG/right_2019_05_16_11_25_41_323.jpg,0.0,0.0,0,1.039577e-07,0
IMG/center_2019_05_16_11_25_41_407.jpg,IMG/left_2019_05_16_11_25_41_407.jpg,IMG/right_2019_05_16_11_25_41_407.jpg,0.0,0.0,0,1.5307839999999998e-06,0
IMG/center_2019_05_16_11_25_41_486.jpg,IMG/left_2019_05_16_11_25_41_486.jpg,IMG/right_2019_05_16_11_25_41_486.jpg,0.0,0.0,0,1.1976269999999999e-06,0
IMG/center_2019_05_16_11_25_41_573.jpg,IMG/left_2019_05_16_11_25_41_573.jpg,IMG/right_2019_05_16_11_25_41_573.jpg,0.0,0.06160212,0,0.02834481,0
IMG/center_2019_05_16_11_25_41_663.jpg,IMG/left_2019_05_16_11_25_41_663.jpg,IMG/right_2019_05_16_11_25_41_663.jpg,0.0,0.31369509999999995,0,0.2720473,0
IMG/center_2019_05_16_11_25_41_729.jpg,IMG/left_2019_05_16_11_25_41_729.jpg,IMG/right_2019_05_16_11_25_41_729.jpg,0.0,0.515439,0,0.5437875,0
IMG/center_2019_05_16_11_25_41_800.jpg,IMG/left_2019_05_16_11_25_41_800.jpg,IMG/right_2019_05_16_11_25_41_800.jpg,0.0,0.726687,0,0.9765046999999999,0
IMG/center_2019_05_16_11_25_41_874.jpg,IMG/left_2019_05_16_11_25_41_874.jpg,IMG/right_2019_05_16_11_25_41_874.jpg,0.0,0.9512011,0,1.7549099999999997,0
IMG/center_2019_05_16_11_25_41_954.jpg,IMG/left_2019_05_16_11_25_41_954.jpg,IMG/right_2019_05_16_11_25_41_954.jpg,0.0,1.0,0,2.66184,0
IMG/center_2019_05_16_11_25_42_037.jpg,IMG/left_2019_05_16_11_25_42_037.jpg,IMG/right_2019_05_16_11_25_42_037.jpg,0.0,1.0,0,3.8280220000000003,0
IMG/center_2019_05_16_11_25_42_116.jpg,IMG/left_2019_05_16_11_25_42_116.jpg,IMG/right_2019_05_16_11_25_42_116.jpg,0.0,1.0,0,4.763595,0
IMG/center_2019_05_16_11_25_42_197.jpg,IMG/left_2019_05_16_11_25_42_197.jpg,IMG/right_2019_05_16_11_25_42_197.jpg,0.0,1.0,0,5.691122,0
IMG/center_2019_05_16_11_25_42_282.jpg,IMG/left_2019_05_16_11_25_42_282.jpg,IMG/right_2019_05_16_11_25_42_282.jpg,0.0,1.0,0,6.611502000000001,0
IMG/center_2019_05_16_11_25_42_364.jpg,IMG/left_2019_05_16_11_25_42_364.jpg,IMG/right_2019_05_16_11_25_42_364.jpg,0.0,1.0,0,7.524731,0
IMG/center_2019_05_16_11_25_42_440.jpg,IMG/left_2019_05_16_11_25_42_440.jpg,IMG/right_2019_05_16_11_25_42_440.jpg,0.0,1.0,0,8.430863,0
IMG/center_2019_05_16_11_25_42_517.jpg,IMG/left_2019_05_16_11_25_42_517.jpg,IMG/right_2019_05_16_11_25_42_517.jpg,0.0,1.0,0,9.329928,0
IMG/center_2019_05_16_11_25_42_595.jpg,IMG/left_2019_05_16_11_25_42_595.jpg,IMG/right_2019_05_16_11_25_42_595.jpg,0.0,1.0,0,10.22194,0
IMG/center_2019_05_16_11_25_42_675.jpg,IMG/left_2019_05_16_11_25_42_675.jpg,IMG/right_2019_05_16_11_25_42_675.jpg,0.0,1.0,0,10.886330000000001,0
IMG/center_2019_05_16_11_25_42_750.jpg,IMG/left_2019_05_16_11_25_42_750.jpg,IMG/right_2019_05_16_11_25_42_750.jpg,0.0,1.0,0,11.60251,0
IMG/center_2019_05_16_11_25_42_828.jpg,IMG/left_2019_05_16_11_25_42_828.jpg,IMG/right_2019_05_16_11_25_42_828.jpg,0.0,1.0,0,12.62153,0
IMG/center_2019_05_16_11_25_42_902.jpg,IMG/left_2019_05_16_11_25_42_902.jpg,IMG/right_2019_05_16_11_25_42_902.jpg,0.0,1.0,0,13.456520000000001,0
IMG/center_2019_05_16_11_25_42_978.jpg,IMG/left_2019_05_16_11_25_42_978.jpg,IMG/right_2019_05_16_11_25_42_978.jpg,0.0,1.0,0,14.217279999999999,0
IMG/center_2019_05_16_11_25_43_055.jpg,IMG/left_2019_05_16_11_25_43_055.jpg,IMG/right_2019_05_16_11_25_43_055.jpg,0.0,1.0,0,15.0974,0
IMG/center_2019_05_16_11_25_43_132.jpg,IMG/left_2019_05_16_11_25_43_132.jpg,IMG/right_2019_05_16_11_25_43_132.jpg,0.0,1.0,0,15.96129,0
IMG/center_2019_05_16_11_25_43_211.jpg,IMG/left_2019_05_16_11_25_43_211.jpg,IMG/right_2019_05_16_11_25_43_211.jpg,0.0,1.0,0,16.79881,0
IMG/center_2019_05_16_11_25_43_287.jpg,IMG/left_2019_05_16_11_25_43_287.jpg,IMG/right_2019_05_16_11_25_43_287.jpg,0.0,1.0,0,17.62431,0
IMG/center_2019_05_16_11_25_43_363.jpg,IMG/left_2019_05_16_11_25_43_363.jpg,IMG/right_2019_05_16_11_25_43_363.jpg,0.0,1.0,0,18.43937,0
IMG/center_2019_05_16_11_25_43_438.jpg,IMG/left_2019_05_16_11_25_43_438.jpg,IMG/right_2019_05_16_11_25_43_438.jpg,0.0,1.0,0,19.24708,0
IMG/center_2019_05_16_11_25_43_520.jpg,IMG/left_2019_05_16_11_25_43_520.jpg,IMG/right_2019_05_16_11_25_43_520.jpg,0.0,1.0,0,20.04863,0
IMG/center_2019_05_16_11_25_43_596.jpg,IMG/left_2019_05_16_11_25_43_596.jpg,IMG/right_2019_05_16_11_25_43_596.jpg,0.0,1.0,0,20.84338,0
IMG/center_2019_05_16_11_25_43_673.jpg,IMG/left_2019_05_16_11_25_43_673.jpg,IMG/right_2019_05_16_11_25_43_673.jpg,0.0,1.0,0,21.37001,0
IMG/center_2019_05_16_11_25_43_750.jpg,IMG/left_2019_05_16_11_25_43_750.jpg,IMG/right_2019_05_16_11_25_43_750.jpg,0.0,1.0,0,22.17919,0
IMG/center_2019_05_16_11_25_43_825.jpg,IMG/left_2019_05_16_11_25_43_825.jpg,IMG/right_2019_05_16_11_25_43_825.jpg,0.0,1.0,0,22.97845,0
IMG/center_2019_05_16_11_25_43_900.jpg,IMG/left_2019_05_16_11_25_43_900.jpg,IMG/right_2019_05_16_11_25_43_900.jpg,0.0,1.0,0,23.767,0
IMG/center_2019_05_16_11_25_43_976.jpg,IMG/left_2019_05_16_11_25_43_976.jpg,IMG/right_2019_05_16_11_25_43_976.jpg,0.0,1.0,0,24.545820000000003,0
IMG/center_2019_05_16_11_25_44_052.jpg,IMG/left_2019_05_16_11_25_44_052.jpg,IMG/right_2019_05_16_11_25_44_052.jpg,0.0,1.0,0,25.125320000000002,0
IMG/center_2019_05_16_11_25_44_130.jpg,IMG/left_2019_05_16_11_25_44_130.jpg,IMG/right_2019_05_16_11_25_44_130.jpg,0.0,1.0,0,25.89027,0
IMG/center_2019_05_16_11_25_44_208.jpg,IMG/left_2019_05_16_11_25_44_208.jpg,IMG/right_2019_05_16_11_25_44_208.jpg,0.0,1.0,0,26.6493,0
IMG/center_2019_05_16_11_25_44_288.jpg,IMG/left_2019_05_16_11_25_44_288.jpg,IMG/right_2019_05_16_11_25_44_288.jpg,0.0,1.0,0,27.40227,0
IMG/center_2019_05_16_11_25_44_365.jpg,IMG/left_2019_05_16_11_25_44_365.jpg,IMG/right_2019_05_16_11_25_44_365.jpg,0.0,1.0,0,28.149179999999998,0
IMG/center_2019_05_16_11_25_44_442.jpg,IMG/left_2019_05_16_11_25_44_442.jpg,IMG/right_2019_05_16_11_25_44_442.jpg,0.0,1.0,0,28.890079999999998,0
IMG/center_2019_05_16_11_25_44_523.jpg,IMG/left_2019_05_16_11_25_44_523.jpg,IMG/right_2019_05_16_11_25_44_523.jpg,0.0,1.0,0,29.624990000000004,0
IMG/center_2019_05_16_11_25_44_600.jpg,IMG/left_2019_05_16_11_25_44_600.jpg,IMG/right_2019_05_16_11_25_44_600.jpg,0.0,1.0,0,30.354,0
IMG/center_2019_05_16_11_25_44_679.jpg,IMG/left_2019_05_16_11_25_44_679.jpg,IMG/right_2019_05_16_11_25_44_679.jpg,0.0,1.0,0,31.07712,0
IMG/center_2019_05_16_11_25_44_756.jpg,IMG/left_2019_05_16_11_25_44_756.jpg,IMG/right_2019_05_16_11_25_44_756.jpg,0.0,1.0,0,31.794420000000002,0
IMG/center_2019_05_16_11_25_44_838.jpg,IMG/left_2019_05_16_11_25_44_838.jpg,IMG/right_2019_05_16_11_25_44_838.jpg,0.0,1.0,0,32.50594,0
IMG/center_2019_05_16_11_25_44_915.jpg,IMG/left_2019_05_16_11_25_44_915.jpg,IMG/right_2019_05_16_11_25_44_915.jpg,0.0,1.0,0,33.03581,0
IMG/center_2019_05_16_11_25_44_991.jpg,IMG/left_2019_05_16_11_25_44_991.jpg,IMG/right_2019_05_16_11_25_44_991.jpg,0.0,1.0,0,33.73733,0
IMG/center_2019_05_16_11_25_45_068.jpg,IMG/left_2019_05_16_11_25_45_068.jpg,IMG/right_2019_05_16_11_25_45_068.jpg,0.0,0.9418812,0,34.43318,0
IMG/center_2019_05_16_11_25_45_142.jpg,IMG/left_2019_05_16_11_25_45_142.jpg,IMG/right_2019_05_16_11_25_45_142.jpg,0.0,0.7205621,0,34.97952,0
IMG/center_2019_05_16_11_25_45_214.jpg,IMG/left_2019_05_16_11_25_45_214.jpg,IMG/right_2019_05_16_11_25_45_214.jpg,0.0,0.5585173000000001,0,35.24691,0
IMG/center_2019_05_16_11_25_45_288.jpg,IMG/left_2019_05_16_11_25_45_288.jpg,IMG/right_2019_05_16_11_25_45_288.jpg,0.0,0.28212709999999996,0,35.37102,0
IMG/center_2019_05_16_11_25_45_362.jpg,IMG/left_2019_05_16_11_25_45_362.jpg,IMG/right_2019_05_16_11_25_45_362.jpg,0.0,0.06102407,0,35.27245,0
IMG/center_2019_05_16_11_25_45_440.jpg,IMG/left_2019_05_16_11_25_45_440.jpg,IMG/right_2019_05_16_11_25_45_440.jpg,0.0,0.0,0,35.00209,0
IMG/center_2019_05_16_11_25_45_514.jpg,IMG/left_2019_05_16_11_25_45_514.jpg,IMG/right_2019_05_16_11_25_45_514.jpg,0.0,0.0,0,34.79076,0
IMG/center_2019_05_16_11_25_45_588.jpg,IMG/left_2019_05_16_11_25_45_588.jpg,IMG/right_2019_05_16_11_25_45_588.jpg,0.0,0.0,0,34.51097,0
IMG/center_2019_05_16_11_25_45_662.jpg,IMG/left_2019_05_16_11_25_45_662.jpg,IMG/right_2019_05_16_11_25_45_662.jpg,0.0,0.0,0,34.23343,0
IMG/center_2019_05_16_11_25_45_737.jpg,IMG/left_2019_05_16_11_25_45_737.jpg,IMG/right_2019_05_16_11_25_45_737.jpg,0.0,0.0,0,33.95812,0
IMG/center_2019_05_16_11_25_45_807.jpg,IMG/left_2019_05_16_11_25_45_807.jpg,IMG/right_2019_05_16_11_25_45_807.jpg,0.0,0.0,0,33.75309,0
IMG/center_2019_05_16_11_25_45_880.jpg,IMG/left_2019_05_16_11_25_45_880.jpg,IMG/right_2019_05_16_11_25_45_880.jpg,0.0,0.05175591,0,33.48166,0
IMG/center_2019_05_16_11_25_45_952.jpg,IMG/left_2019_05_16_11_25_45_952.jpg,IMG/right_2019_05_16_11_25_45_952.jpg,0.0,0.2679749,0,33.36502,0
IMG/center_2019_05_16_11_25_46_022.jpg,IMG/left_2019_05_16_11_25_46_022.jpg,IMG/right_2019_05_16_11_25_46_022.jpg,0.0,0.47624700000000003,0,33.44723,0
IMG/center_2019_05_16_11_25_46_091.jpg,IMG/left_2019_05_16_11_25_46_091.jpg,IMG/right_2019_05_16_11_25_46_091.jpg,0.0,0.47541579999999994,0,33.63734,0
IMG/center_2019_05_16_11_25_46_161.jpg,IMG/left_2019_05_16_11_25_46_161.jpg,IMG/right_2019_05_16_11_25_46_161.jpg,0.0,0.264336,0,33.73772,0
IMG/center_2019_05_16_11_25_46_233.jpg,IMG/left_2019_05_16_11_25_46_233.jpg,IMG/right_2019_05_16_11_25_46_233.jpg,0.0,0.05026174,0,33.68199,0
IMG/center_2019_05_16_11_25_46_303.jpg,IMG/left_2019_05_16_11_25_46_303.jpg,IMG/right_2019_05_16_11_25_46_303.jpg,0.0,0.0,0,33.41747,0
IMG/center_2019_05_16_11_25_46_373.jpg,IMG/left_2019_05_16_11_25_46_373.jpg,IMG/right_2019_05_16_11_25_46_373.jpg,0.0,0.0,0,33.215740000000004,0
IMG/center_2019_05_16_11_25_46_442.jpg,IMG/left_2019_05_16_11_25_46_442.jpg,IMG/right_2019_05_16_11_25_46_442.jpg,0.0,0.0,0,32.94862,0
IMG/center_2019_05_16_11_25_46_512.jpg,IMG/left_2019_05_16_11_25_46_512.jpg,IMG/right_2019_05_16_11_25_46_512.jpg,0.0,0.0,0,32.7497,0
IMG/center_2019_05_16_11_25_46_581.jpg,IMG/left_2019_05_16_11_25_46_581.jpg,IMG/right_2019_05_16_11_25_46_581.jpg,0.0,0.0,0,32.48632,0
IMG/center_2019_05_16_11_25_46_650.jpg,IMG/left_2019_05_16_11_25_46_650.jpg,IMG/right_2019_05_16_11_25_46_650.jpg,0.0,0.0,0,32.29019,0
IMG/center_2019_05_16_11_25_46_719.jpg,IMG/left_2019_05_16_11_25_46_719.jpg,IMG/right_2019_05_16_11_25_46_719.jpg,0.0,0.20588099999999998,0,32.11356,0
IMG/center_2019_05_16_11_25_46_788.jpg,IMG/left_2019_05_16_11_25_46_788.jpg,IMG/right_2019_05_16_11_25_46_788.jpg,0.0,0.4123199000000001,0,32.13157,0
IMG/center_2019_05_16_11_25_46_870.jpg,IMG/left_2019_05_16_11_25_46_870.jpg,IMG/right_2019_05_16_11_25_46_870.jpg,0.0,0.4622551,0,32.35622,0
IMG/center_2019_05_16_11_25_46_939.jpg,IMG/left_2019_05_16_11_25_46_939.jpg,IMG/right_2019_05_16_11_25_46_939.jpg,0.0,0.2547423,0,32.4534,0
IMG/center_2019_05_16_11_25_47_021.jpg,IMG/left_2019_05_16_11_25_47_021.jpg,IMG/right_2019_05_16_11_25_47_021.jpg,0.0,0.008145332,0,32.32071,0
IMG/center_2019_05_16_11_25_47_089.jpg,IMG/left_2019_05_16_11_25_47_089.jpg,IMG/right_2019_05_16_11_25_47_089.jpg,0.0,0.0,0,32.12553,0
IMG/center_2019_05_16_11_25_47_157.jpg,IMG/left_2019_05_16_11_25_47_157.jpg,IMG/right_2019_05_16_11_25_47_157.jpg,0.0,0.0,0,31.86722,0
IMG/center_2019_05_16_11_25_47_225.jpg,IMG/left_2019_05_16_11_25_47_225.jpg,IMG/right_2019_05_16_11_25_47_225.jpg,0.0,0.0504452,0,31.674840000000003,0
IMG/center_2019_05_16_11_25_47_294.jpg,IMG/left_2019_05_16_11_25_47_294.jpg,IMG/right_2019_05_16_11_25_47_294.jpg,0.0,0.2092502,0,31.565509999999996,0
IMG/center_2019_05_16_11_25_47_363.jpg,IMG/left_2019_05_16_11_25_47_363.jpg,IMG/right_2019_05_16_11_25_47_363.jpg,0.0,0.46508720000000003,0,31.63932,0
IMG/center_2019_05_16_11_25_47_445.jpg,IMG/left_2019_05_16_11_25_47_445.jpg,IMG/right_2019_05_16_11_25_47_445.jpg,0.0,0.31893320000000003,0,31.8197,0
IMG/center_2019_05_16_11_25_47_528.jpg,IMG/left_2019_05_16_11_25_47_528.jpg,IMG/right_2019_05_16_11_25_47_528.jpg,0.0,0.07250726,0,31.77437,0
IMG/center_2019_05_16_11_25_47_596.jpg,IMG/left_2019_05_16_11_25_47_596.jpg,IMG/right_2019_05_16_11_25_47_596.jpg,0.0,0.0,0,31.5373,0
IMG/center_2019_05_16_11_25_47_679.jpg,IMG/left_2019_05_16_11_25_47_679.jpg,IMG/right_2019_05_16_11_25_47_679.jpg,0.0,0.0,0,31.28367,0
IMG/center_2019_05_16_11_25_47_760.jpg,IMG/left_2019_05_16_11_25_47_760.jpg,IMG/right_2019_05_16_11_25_47_760.jpg,0.0,0.1971899,0,31.112170000000003,0
IMG/center_2019_05_16_11_25_47_828.jpg,IMG/left_2019_05_16_11_25_47_828.jpg,IMG/right_2019_05_16_11_25_47_828.jpg,0.0,0.40003790000000006,0,31.1315,0
IMG/center_2019_05_16_11_25_47_894.jpg,IMG/left_2019_05_16_11_25_47_894.jpg,IMG/right_2019_05_16_11_25_47_894.jpg,0.0,0.547401,0,31.276840000000004,0
IMG/center_2019_05_16_11_25_47_973.jpg,IMG/left_2019_05_16_11_25_47_973.jpg,IMG/right_2019_05_16_11_25_47_973.jpg,0.0,0.3048538,0,31.438000000000002,0
IMG/center_2019_05_16_11_25_48_054.jpg,IMG/left_2019_05_16_11_25_48_054.jpg,IMG/right_2019_05_16_11_25_48_054.jpg,0.0,0.06233096,0,31.363000000000003,0
IMG/center_2019_05_16_11_25_48_134.jpg,IMG/left_2019_05_16_11_25_48_134.jpg,IMG/right_2019_05_16_11_25_48_134.jpg,0.0,0.0,0,31.12097,0
IMG/center_2019_05_16_11_25_48_213.jpg,IMG/left_2019_05_16_11_25_48_213.jpg,IMG/right_2019_05_16_11_25_48_213.jpg,0.0,0.0,0,30.870829999999998,0
IMG/center_2019_05_16_11_25_48_292.jpg,IMG/left_2019_05_16_11_25_48_292.jpg,IMG/right_2019_05_16_11_25_48_292.jpg,0.0,0.14508,0,30.63727,0
IMG/center_2019_05_16_11_25_48_359.jpg,IMG/left_2019_05_16_11_25_48_359.jpg,IMG/right_2019_05_16_11_25_48_359.jpg,0.0,0.348204,0,30.62142,0
IMG/center_2019_05_16_11_25_48_439.jpg,IMG/left_2019_05_16_11_25_48_439.jpg,IMG/right_2019_05_16_11_25_48_439.jpg,0.0,0.4870173,0,30.83243,0
IMG/center_2019_05_16_11_25_48_519.jpg,IMG/left_2019_05_16_11_25_48_519.jpg,IMG/right_2019_05_16_11_25_48_519.jpg,0.0,0.24777600000000002,0,30.945890000000002,0
IMG/center_2019_05_16_11_25_48_595.jpg,IMG/left_2019_05_16_11_25_48_595.jpg,IMG/right_2019_05_16_11_25_48_595.jpg,0.0,0.06527424,0,30.86882,0
IMG/center_2019_05_16_11_25_48_673.jpg,IMG/left_2019_05_16_11_25_48_673.jpg,IMG/right_2019_05_16_11_25_48_673.jpg,0.0,0.0,0,30.631040000000002,0
IMG/center_2019_05_16_11_25_48_750.jpg,IMG/left_2019_05_16_11_25_48_750.jpg,IMG/right_2019_05_16_11_25_48_750.jpg,0.0,0.0,0,30.38488,0
IMG/center_2019_05_16_11_25_48_827.jpg,IMG/left_2019_05_16_11_25_48_827.jpg,IMG/right_2019_05_16_11_25_48_827.jpg,0.0,0.0,0,30.14054,0
IMG/center_2019_05_16_11_25_48_907.jpg,IMG/left_2019_05_16_11_25_48_907.jpg,IMG/right_2019_05_16_11_25_48_907.jpg,0.0,0.0,0,29.89817,0
IMG/center_2019_05_16_11_25_48_984.jpg,IMG/left_2019_05_16_11_25_48_984.jpg,IMG/right_2019_05_16_11_25_48_984.jpg,0.0,0.2312701,0,29.75344,0
IMG/center_2019_05_16_11_25_49_052.jpg,IMG/left_2019_05_16_11_25_49_052.jpg,IMG/right_2019_05_16_11_25_49_052.jpg,0.0,0.3878882,0,29.7925,0
IMG/center_2019_05_16_11_25_49_131.jpg,IMG/left_2019_05_16_11_25_49_131.jpg,IMG/right_2019_05_16_11_25_49_131.jpg,0.0,0.4311816,0,30.01533,0
IMG/center_2019_05_16_11_25_49_205.jpg,IMG/left_2019_05_16_11_25_49_205.jpg,IMG/right_2019_05_16_11_25_49_205.jpg,0.0,0.16715739999999998,0,30.069979999999997,0
IMG/center_2019_05_16_11_25_49_285.jpg,IMG/left_2019_05_16_11_25_49_285.jpg,IMG/right_2019_05_16_11_25_49_285.jpg,0.0,0.0,0,29.90452,0
IMG/center_2019_05_16_11_25_49_358.jpg,IMG/left_2019_05_16_11_25_49_358.jpg,IMG/right_2019_05_16_11_25_49_358.jpg,0.0,0.0,0,29.665459999999996,0
IMG/center_2019_05_16_11_25_49_434.jpg,IMG/left_2019_05_16_11_25_49_434.jpg,IMG/right_2019_05_16_11_25_49_434.jpg,0.0,0.04523385,0,29.48645,0
IMG/center_2019_05_16_11_25_49_510.jpg,IMG/left_2019_05_16_11_25_49_510.jpg,IMG/right_2019_05_16_11_25_49_510.jpg,0.0,0.317094,0,29.414820000000002,0
IMG/center_2019_05_16_11_25_49_586.jpg,IMG/left_2019_05_16_11_25_49_586.jpg,IMG/right_2019_05_16_11_25_49_586.jpg,0.0,0.4446183,0,29.58131,0
IMG/center_2019_05_16_11_25_49_659.jpg,IMG/left_2019_05_16_11_25_49_659.jpg,IMG/right_2019_05_16_11_25_49_659.jpg,0.0,0.2247362,0,29.679000000000002,0
IMG/center_2019_05_16_11_25_49_734.jpg,IMG/left_2019_05_16_11_25_49_734.jpg,IMG/right_2019_05_16_11_25_49_734.jpg,0.0,0.04410911,0,29.59933,0
IMG/center_2019_05_16_11_25_49_809.jpg,IMG/left_2019_05_16_11_25_49_809.jpg,IMG/right_2019_05_16_11_25_49_809.jpg,0.0,0.0,0,29.3668,0
IMG/center_2019_05_16_11_25_49_886.jpg,IMG/left_2019_05_16_11_25_49_886.jpg,IMG/right_2019_05_16_11_25_49_886.jpg,0.0,0.0,0,29.130770000000002,0
IMG/center_2019_05_16_11_25_49_961.jpg,IMG/left_2019_05_16_11_25_49_961.jpg,IMG/right_2019_05_16_11_25_49_961.jpg,0.0,0.0,0,28.896520000000002,0
IMG/center_2019_05_16_11_25_50_038.jpg,IMG/left_2019_05_16_11_25_50_038.jpg,IMG/right_2019_05_16_11_25_50_038.jpg,0.0,0.0,0,28.66416,0
IMG/center_2019_05_16_11_25_50_111.jpg,IMG/left_2019_05_16_11_25_50_111.jpg,IMG/right_2019_05_16_11_25_50_111.jpg,0.0,0.0,0,28.491120000000002,0
IMG/center_2019_05_16_11_25_50_186.jpg,IMG/left_2019_05_16_11_25_50_186.jpg,IMG/right_2019_05_16_11_25_50_186.jpg,0.0,0.2610837,0,28.36634,0
IMG/center_2019_05_16_11_25_50_257.jpg,IMG/left_2019_05_16_11_25_50_257.jpg,IMG/right_2019_05_16_11_25_50_257.jpg,0.0,0.4725147,0,28.49124,0
IMG/center_2019_05_16_11_25_50_334.jpg,IMG/left_2019_05_16_11_25_50_334.jpg,IMG/right_2019_05_16_11_25_50_334.jpg,0.0,0.5553904000000001,0,28.73155,0
IMG/center_2019_05_16_11_25_50_404.jpg,IMG/left_2019_05_16_11_25_50_404.jpg,IMG/right_2019_05_16_11_25_50_404.jpg,0.0,0.2998892,0,28.912909999999997,0
IMG/center_2019_05_16_11_25_50_477.jpg,IMG/left_2019_05_16_11_25_50_477.jpg,IMG/right_2019_05_16_11_25_50_477.jpg,0.0,0.08071232,0,28.87733,0
IMG/center_2019_05_16_11_25_50_551.jpg,IMG/left_2019_05_16_11_25_50_551.jpg,IMG/right_2019_05_16_11_25_50_551.jpg,0.0,0.0,0,28.718259999999997,0
IMG/center_2019_05_16_11_25_50_625.jpg,IMG/left_2019_05_16_11_25_50_625.jpg,IMG/right_2019_05_16_11_25_50_625.jpg,0.0,0.0,0,28.48641,0
IMG/center_2019_05_16_11_25_50_698.jpg,IMG/left_2019_05_16_11_25_50_698.jpg,IMG/right_2019_05_16_11_25_50_698.jpg,0.0,0.0,0,28.2573,0
IMG/center_2019_05_16_11_25_50_772.jpg,IMG/left_2019_05_16_11_25_50_772.jpg,IMG/right_2019_05_16_11_25_50_772.jpg,0.0,0.0,0,28.086709999999997,0
IMG/center_2019_05_16_11_25_50_851.jpg,IMG/left_2019_05_16_11_25_50_851.jpg,IMG/right_2019_05_16_11_25_50_851.jpg,0.0,0.23527510000000001,0,27.9383,0
IMG/center_2019_05_16_11_25_50_928.jpg,IMG/left_2019_05_16_11_25_50_928.jpg,IMG/right_2019_05_16_11_25_50_928.jpg,0.0,0.4646491,0,28.02423,0
IMG/center_2019_05_16_11_25_51_011.jpg,IMG/left_2019_05_16_11_25_51_011.jpg,IMG/right_2019_05_16_11_25_51_011.jpg,0.0,0.3104818,0,28.249979999999997,0
IMG/center_2019_05_16_11_25_51_086.jpg,IMG/left_2019_05_16_11_25_51_086.jpg,IMG/right_2019_05_16_11_25_51_086.jpg,0.0,0.08628559,0,28.223190000000002,0
IMG/center_2019_05_16_11_25_51_153.jpg,IMG/left_2019_05_16_11_25_51_153.jpg,IMG/right_2019_05_16_11_25_51_153.jpg,0.0,0.0,0,28.072309999999998,0
IMG/center_2019_05_16_11_25_51_232.jpg,IMG/left_2019_05_16_11_25_51_232.jpg,IMG/right_2019_05_16_11_25_51_232.jpg,-0.1,0.0,0,27.843940000000003,0
IMG/center_2019_05_16_11_25_51_304.jpg,IMG/left_2019_05_16_11_25_51_304.jpg,IMG/right_2019_05_16_11_25_51_304.jpg,-0.3,0.25918789999999997,0,27.69472,0
IMG/center_2019_05_16_11_25_51_378.jpg,IMG/left_2019_05_16_11_25_51_378.jpg,IMG/right_2019_05_16_11_25_51_378.jpg,-0.30956409999999995,0.3160264,0,27.714809999999996,0
IMG/center_2019_05_16_11_25_51_455.jpg,IMG/left_2019_05_16_11_25_51_455.jpg,IMG/right_2019_05_16_11_25_51_455.jpg,-0.07604992,0.08251226,0,27.68358,0
IMG/center_2019_05_16_11_25_51_537.jpg,IMG/left_2019_05_16_11_25_51_537.jpg,IMG/right_2019_05_16_11_25_51_537.jpg,0.0,0.0,0,27.464090000000002,0
IMG/center_2019_05_16_11_25_51_618.jpg,IMG/left_2019_05_16_11_25_51_618.jpg,IMG/right_2019_05_16_11_25_51_618.jpg,0.0,0.0,0,27.24195,0
IMG/center_2019_05_16_11_25_51_691.jpg,IMG/left_2019_05_16_11_25_51_691.jpg,IMG/right_2019_05_16_11_25_51_691.jpg,0.0,0.0,0,27.07723,0
IMG/center_2019_05_16_11_25_51_768.jpg,IMG/left_2019_05_16_11_25_51_768.jpg,IMG/right_2019_05_16_11_25_51_768.jpg,0.0,0.0,0,26.859370000000002,0
IMG/center_2019_05_16_11_25_51_839.jpg,IMG/left_2019_05_16_11_25_51_839.jpg,IMG/right_2019_05_16_11_25_51_839.jpg,0.0,0.0,0,26.64338,0
IMG/center_2019_05_16_11_25_51_918.jpg,IMG/left_2019_05_16_11_25_51_918.jpg,IMG/right_2019_05_16_11_25_51_918.jpg,0.0,0.0,0,26.429140000000004,0
IMG/center_2019_05_16_11_25_51_988.jpg,IMG/left_2019_05_16_11_25_51_988.jpg,IMG/right_2019_05_16_11_25_51_988.jpg,-0.15,0.21156910000000004,0,26.323490000000003,0
IMG/center_2019_05_16_11_25_52_065.jpg,IMG/left_2019_05_16_11_25_52_065.jpg,IMG/right_2019_05_16_11_25_52_065.jpg,-0.35,0.44191499999999995,0,26.34021,0
IMG/center_2019_05_16_11_25_52_145.jpg,IMG/left_2019_05_16_11_25_52_145.jpg,IMG/right_2019_05_16_11_25_52_145.jpg,-0.47906109999999996,0.47906109999999996,0,26.4875,0
IMG/center_2019_05_16_11_25_52_228.jpg,IMG/left_2019_05_16_11_25_52_228.jpg,IMG/right_2019_05_16_11_25_52_228.jpg,-0.2298721,0.2298721,0,26.616190000000003,0
IMG/center_2019_05_16_11_25_52_294.jpg,IMG/left_2019_05_16_11_25_52_294.jpg,IMG/right_2019_05_16_11_25_52_294.jpg,-0.07681239,0.07681239,0,26.58441,0
IMG/center_2019_05_16_11_25_52_362.jpg,IMG/left_2019_05_16_11_25_52_362.jpg,IMG/right_2019_05_16_11_25_52_362.jpg,0.0,0.0,0,26.36457,0
IMG/center_2019_05_16_11_25_52_431.jpg,IMG/left_2019_05_16_11_25_52_431.jpg,IMG/right_2019_05_16_11_25_52_431.jpg,-0.1,0.0,0,26.20544,0
IMG/center_2019_05_16_11_25_52_501.jpg,IMG/left_2019_05_16_11_25_52_501.jpg,IMG/right_2019_05_16_11_25_52_501.jpg,-0.3,0.2088,0,26.05688,0
IMG/center_2019_05_16_11_25_52_573.jpg,IMG/left_2019_05_16_11_25_52_573.jpg,IMG/right_2019_05_16_11_25_52_573.jpg,-0.45,0.375618,0,26.03314,0
IMG/center_2019_05_16_11_25_52_645.jpg,IMG/left_2019_05_16_11_25_52_645.jpg,IMG/right_2019_05_16_11_25_52_645.jpg,-0.368778,0.2139598,0,26.05302,0
IMG/center_2019_05_16_11_25_52_718.jpg,IMG/left_2019_05_16_11_25_52_718.jpg,IMG/right_2019_05_16_11_25_52_718.jpg,-0.14937579999999998,0.0,0,25.96365,0
IMG/center_2019_05_16_11_25_52_788.jpg,IMG/left_2019_05_16_11_25_52_788.jpg,IMG/right_2019_05_16_11_25_52_788.jpg,-0.29937579999999997,0.0,0,25.8039,0
IMG/center_2019_05_16_11_25_52_863.jpg,IMG/left_2019_05_16_11_25_52_863.jpg,IMG/right_2019_05_16_11_25_52_863.jpg,-0.4993758,0.22520079999999998,0,25.630489999999998,0
IMG/center_2019_05_16_11_25_52_938.jpg,IMG/left_2019_05_16_11_25_52_938.jpg,IMG/right_2019_05_16_11_25_52_938.jpg,-0.6993759,0.45059390000000005,0,25.57897,0
IMG/center_2019_05_16_11_25_53_020.jpg,IMG/left_2019_05_16_11_25_53_020.jpg,IMG/right_2019_05_16_11_25_53_020.jpg,-0.9251940000000001,0.3220017,0,25.54393,0
IMG/center_2019_05_16_11_25_53_107.jpg,IMG/left_2019_05_16_11_25_53_107.jpg,IMG/right_2019_05_16_11_25_53_107.jpg,-0.6641549,0.06096268,0,25.42546,0
IMG/center_2019_05_16_11_25_53_175.jpg,IMG/left_2019_05_16_11_25_53_175.jpg,IMG/right_2019_05_16_11_25_53_175.jpg,-0.46116899999999994,0.0,0,25.3073,0
IMG/center_2019_05_16_11_25_53_251.jpg,IMG/left_2019_05_16_11_25_53_251.jpg,IMG/right_2019_05_16_11_25_53_251.jpg,-0.4893699000000001,0.15734979999999998,0,25.16696,0
IMG/center_2019_05_16_11_25_53_332.jpg,IMG/left_2019_05_16_11_25_53_332.jpg,IMG/right_2019_05_16_11_25_53_332.jpg,-0.6893699000000001,0.39885590000000004,0,25.15527,0
IMG/center_2019_05_16_11_25_53_415.jpg,IMG/left_2019_05_16_11_25_53_415.jpg,IMG/right_2019_05_16_11_25_53_415.jpg,-0.7125446,0.150645,0,25.09824,0
IMG/center_2019_05_16_11_25_53_495.jpg,IMG/left_2019_05_16_11_25_53_495.jpg,IMG/right_2019_05_16_11_25_53_495.jpg,-0.4704866,0.0,0,24.96343,0
IMG/center_2019_05_16_11_25_53_572.jpg,IMG/left_2019_05_16_11_25_53_572.jpg,IMG/right_2019_05_16_11_25_53_572.jpg,-0.2387516,0.0,0,24.806739999999998,0
IMG/center_2019_05_16_11_25_53_653.jpg,IMG/left_2019_05_16_11_25_53_653.jpg,IMG/right_2019_05_16_11_25_53_653.jpg,0.0,0.0,0,24.60116,0
IMG/center_2019_05_16_11_25_53_731.jpg,IMG/left_2019_05_16_11_25_53_731.jpg,IMG/right_2019_05_16_11_25_53_731.jpg,0.0,0.0,0,24.38717,0
IMG/center_2019_05_16_11_25_53_813.jpg,IMG/left_2019_05_16_11_25_53_813.jpg,IMG/right_2019_05_16_11_25_53_813.jpg,0.0,0.0,0,24.188579999999998,0
IMG/center_2019_05_16_11_25_53_894.jpg,IMG/left_2019_05_16_11_25_53_894.jpg,IMG/right_2019_05_16_11_25_53_894.jpg,0.0,0.0,0,23.99383,0
IMG/center_2019_05_16_11_25_53_975.jpg,IMG/left_2019_05_16_11_25_53_975.jpg,IMG/right_2019_05_16_11_25_53_975.jpg,0.0,0.0,0,23.800929999999997,0
IMG/center_2019_05_16_11_25_54_057.jpg,IMG/left_2019_05_16_11_25_54_057.jpg,IMG/right_2019_05_16_11_25_54_057.jpg,0.0,0.0,0,23.56202,0
IMG/center_2019_05_16_11_25_54_140.jpg,IMG/left_2019_05_16_11_25_54_140.jpg,IMG/right_2019_05_16_11_25_54_140.jpg,0.0,0.0,0,23.37257,0
IMG/center_2019_05_16_11_25_54_223.jpg,IMG/left_2019_05_16_11_25_54_223.jpg,IMG/right_2019_05_16_11_25_54_223.jpg,0.0,0.24921010000000002,0,23.33529,0
IMG/center_2019_05_16_11_25_54_306.jpg,IMG/left_2019_05_16_11_25_54_306.jpg,IMG/right_2019_05_16_11_25_54_306.jpg,0.0,0.4990232,0,23.50271,0
IMG/center_2019_05_16_11_25_54_389.jpg,IMG/left_2019_05_16_11_25_54_389.jpg,IMG/right_2019_05_16_11_25_54_389.jpg,0.0,0.748548,0,23.918210000000002,0
IMG/center_2019_05_16_11_25_54_470.jpg,IMG/left_2019_05_16_11_25_54_470.jpg,IMG/right_2019_05_16_11_25_54_470.jpg,0.0,0.9926251,0,24.55934,0
IMG/center_2019_05_16_11_25_54_553.jpg,IMG/left_2019_05_16_11_25_54_553.jpg,IMG/right_2019_05_16_11_25_54_553.jpg,0.0,1.0,0,25.33084,0
IMG/center_2019_05_16_11_25_54_638.jpg,IMG/left_2019_05_16_11_25_54_638.jpg,IMG/right_2019_05_16_11_25_54_638.jpg,0.0,1.0,0,26.28473,0
IMG/center_2019_05_16_11_25_54_725.jpg,IMG/left_2019_05_16_11_25_54_725.jpg,IMG/right_2019_05_16_11_25_54_725.jpg,-0.2,1.0,0,27.02212,0
IMG/center_2019_05_16_11_25_54_810.jpg,IMG/left_2019_05_16_11_25_54_810.jpg,IMG/right_2019_05_16_11_25_54_810.jpg,-0.007868886,0.7453539,0,27.64749,0
IMG/center_2019_05_16_11_25_54_904.jpg,IMG/left_2019_05_16_11_25_54_904.jpg,IMG/right_2019_05_16_11_25_54_904.jpg,0.0,0.46216309999999994,0,28.080809999999996,0
IMG/center_2019_05_16_11_25_55_003.jpg,IMG/left_2019_05_16_11_25_55_003.jpg,IMG/right_2019_05_16_11_25_55_003.jpg,0.0,0.1652951,0,28.16747,0
IMG/center_2019_05_16_11_25_55_071.jpg,IMG/left_2019_05_16_11_25_55_071.jpg,IMG/right_2019_05_16_11_25_55_071.jpg,0.0,0.0,0,28.06325,0
IMG/center_2019_05_16_11_25_55_165.jpg,IMG/left_2019_05_16_11_25_55_165.jpg,IMG/right_2019_05_16_11_25_55_165.jpg,-0.15,0.1859128,0,27.85037,0
IMG/center_2019_05_16_11_25_55_250.jpg,IMG/left_2019_05_16_11_25_55_250.jpg,IMG/right_2019_05_16_11_25_55_250.jpg,-0.35,0.44239179999999995,0,27.85469,0
IMG/center_2019_05_16_11_25_55_341.jpg,IMG/left_2019_05_16_11_25_55_341.jpg,IMG/right_2019_05_16_11_25_55_341.jpg,-0.3495566,0.3495566,0,28.015,0
IMG/center_2019_05_16_11_25_55_425.jpg,IMG/left_2019_05_16_11_25_55_425.jpg,IMG/right_2019_05_16_11_25_55_425.jpg,-0.09661174,0.09661174,0,28.018459999999997,0
IMG/center_2019_05_16_11_25_55_509.jpg,IMG/left_2019_05_16_11_25_55_509.jpg,IMG/right_2019_05_16_11_25_55_509.jpg,0.0,0.0,0,27.79402,0
IMG/center_2019_05_16_11_25_55_593.jpg,IMG/left_2019_05_16_11_25_55_593.jpg,IMG/right_2019_05_16_11_25_55_593.jpg,-0.2,0.2514721,0,27.66505,0
IMG/center_2019_05_16_11_25_55_678.jpg,IMG/left_2019_05_16_11_25_55_678.jpg,IMG/right_2019_05_16_11_25_55_678.jpg,0.0,0.0,0,27.52174,0
IMG/center_2019_05_16_11_25_55_767.jpg,IMG/left_2019_05_16_11_25_55_767.jpg,IMG/right_2019_05_16_11_25_55_767.jpg,0.0,0.0,0,27.29966,0
IMG/center_2019_05_16_11_25_55_846.jpg,IMG/left_2019_05_16_11_25_55_846.jpg,IMG/right_2019_05_16_11_25_55_846.jpg,0.0,0.0,0,27.0799,0
IMG/center_2019_05_16_11_25_55_929.jpg,IMG/left_2019_05_16_11_25_55_929.jpg,IMG/right_2019_05_16_11_25_55_929.jpg,0.05,0.08301294,0,26.86137,0
IMG/center_2019_05_16_11_25_56_008.jpg,IMG/left_2019_05_16_11_25_56_008.jpg,IMG/right_2019_05_16_11_25_56_008.jpg,0.25,0.31849190000000005,0,26.80234,0
IMG/center_2019_05_16_11_25_56_089.jpg,IMG/left_2019_05_16_11_25_56_089.jpg,IMG/right_2019_05_16_11_25_56_089.jpg,0.3949528,0.3949528,0,26.911759999999997,0
IMG/center_2019_05_16_11_25_56_169.jpg,IMG/left_2019_05_16_11_25_56_169.jpg,IMG/right_2019_05_16_11_25_56_169.jpg,0.1538576,0.1538576,0,26.95675,0
IMG/center_2019_05_16_11_25_56_251.jpg,IMG/left_2019_05_16_11_25_56_251.jpg,IMG/right_2019_05_16_11_25_56_251.jpg,0.0,0.0,0,26.782040000000002,0
IMG/center_2019_05_16_11_25_56_334.jpg,IMG/left_2019_05_16_11_25_56_334.jpg,IMG/right_2019_05_16_11_25_56_334.jpg,0.0,0.0,0,26.565509999999996,0
IMG/center_2019_05_16_11_25_56_416.jpg,IMG/left_2019_05_16_11_25_56_416.jpg,IMG/right_2019_05_16_11_25_56_416.jpg,0.0,0.0,0,26.298209999999997,0
IMG/center_2019_05_16_11_25_56_499.jpg,IMG/left_2019_05_16_11_25_56_499.jpg,IMG/right_2019_05_16_11_25_56_499.jpg,-0.2,0.2486068,0,26.20935,0
IMG/center_2019_05_16_11_25_56_584.jpg,IMG/left_2019_05_16_11_25_56_584.jpg,IMG/right_2019_05_16_11_25_56_584.jpg,-0.4,0.5041348,0,26.295920000000002,0
IMG/center_2019_05_16_11_25_56_668.jpg,IMG/left_2019_05_16_11_25_56_668.jpg,IMG/right_2019_05_16_11_25_56_668.jpg,-0.2505115,0.43373999999999996,0,26.55023,0
IMG/center_2019_05_16_11_25_56_749.jpg,IMG/left_2019_05_16_11_25_56_749.jpg,IMG/right_2019_05_16_11_25_56_749.jpg,-0.01025069,0.19347920000000002,0,26.64842,0
IMG/center_2019_05_16_11_25_56_828.jpg,IMG/left_2019_05_16_11_25_56_828.jpg,IMG/right_2019_05_16_11_25_56_828.jpg,0.0,0.0,0,26.515320000000003,0
IMG/center_2019_05_16_11_25_56_908.jpg,IMG/left_2019_05_16_11_25_56_908.jpg,IMG/right_2019_05_16_11_25_56_908.jpg,0.0,0.0,0,26.301379999999998,0
IMG/center_2019_05_16_11_25_56_988.jpg,IMG/left_2019_05_16_11_25_56_988.jpg,IMG/right_2019_05_16_11_25_56_988.jpg,0.0,0.07996809,0,26.08971,0
IMG/center_2019_05_16_11_25_57_075.jpg,IMG/left_2019_05_16_11_25_57_075.jpg,IMG/right_2019_05_16_11_25_57_075.jpg,0.0,0.34083620000000003,0,26.07047,0
IMG/center_2019_05_16_11_25_57_158.jpg,IMG/left_2019_05_16_11_25_57_158.jpg,IMG/right_2019_05_16_11_25_57_158.jpg,0.0,0.588648,0,26.387179999999997,0
IMG/center_2019_05_16_11_25_57_240.jpg,IMG/left_2019_05_16_11_25_57_240.jpg,IMG/right_2019_05_16_11_25_57_240.jpg,0.0,0.8348578999999999,0,26.88856,0
IMG/center_2019_05_16_11_25_57_319.jpg,IMG/left_2019_05_16_11_25_57_319.jpg,IMG/right_2019_05_16_11_25_57_319.jpg,0.0,1.0,0,27.5885,0
IMG/center_2019_05_16_11_25_57_402.jpg,IMG/left_2019_05_16_11_25_57_402.jpg,IMG/right_2019_05_16_11_25_57_402.jpg,0.0,1.0,0,28.3341,0
IMG/center_2019_05_16_11_25_57_481.jpg,IMG/left_2019_05_16_11_25_57_481.jpg,IMG/right_2019_05_16_11_25_57_481.jpg,0.0,1.0,0,29.07355,0
IMG/center_2019_05_16_11_25_57_564.jpg,IMG/left_2019_05_16_11_25_57_564.jpg,IMG/right_2019_05_16_11_25_57_564.jpg,0.0,0.7506911999999999,0,29.69759,0
IMG/center_2019_05_16_11_25_57_643.jpg,IMG/left_2019_05_16_11_25_57_643.jpg,IMG/right_2019_05_16_11_25_57_643.jpg,0.0,0.5120289000000001,0,30.07612,0
IMG/center_2019_05_16_11_25_57_723.jpg,IMG/left_2019_05_16_11_25_57_723.jpg,IMG/right_2019_05_16_11_25_57_723.jpg,0.0,0.5877161999999999,0,30.30288,0
IMG/center_2019_05_16_11_25_57_804.jpg,IMG/left_2019_05_16_11_25_57_804.jpg,IMG/right_2019_05_16_11_25_57_804.jpg,0.0,0.8316013000000001,0,30.745379999999997,0
IMG/center_2019_05_16_11_25_57_883.jpg,IMG/left_2019_05_16_11_25_57_883.jpg,IMG/right_2019_05_16_11_25_57_883.jpg,0.0,1.0,0,31.41305,0
IMG/center_2019_05_16_11_25_57_975.jpg,IMG/left_2019_05_16_11_25_57_975.jpg,IMG/right_2019_05_16_11_25_57_975.jpg,0.0,0.722935,0,32.017720000000004,0
IMG/center_2019_05_16_11_25_58_058.jpg,IMG/left_2019_05_16_11_25_58_058.jpg,IMG/right_2019_05_16_11_25_58_058.jpg,0.0,0.4753603,0,32.40631,0
IMG/center_2019_05_16_11_25_58_138.jpg,IMG/left_2019_05_16_11_25_58_138.jpg,IMG/right_2019_05_16_11_25_58_138.jpg,0.0,0.2350751,0,32.47572,0
IMG/center_2019_05_16_11_25_58_215.jpg,IMG/left_2019_05_16_11_25_58_215.jpg,IMG/right_2019_05_16_11_25_58_215.jpg,0.0,0.003250003,0,32.38835,0
IMG/center_2019_05_16_11_25_58_292.jpg,IMG/left_2019_05_16_11_25_58_292.jpg,IMG/right_2019_05_16_11_25_58_292.jpg,0.0,0.0,0,32.125809999999994,0
IMG/center_2019_05_16_11_25_58_368.jpg,IMG/left_2019_05_16_11_25_58_368.jpg,IMG/right_2019_05_16_11_25_58_368.jpg,0.0,0.149919,0,31.89078,0
IMG/center_2019_05_16_11_25_58_445.jpg,IMG/left_2019_05_16_11_25_58_445.jpg,IMG/right_2019_05_16_11_25_58_445.jpg,0.0,0.38171409999999995,0,31.883779999999998,0
IMG/center_2019_05_16_11_25_58_520.jpg,IMG/left_2019_05_16_11_25_58_520.jpg,IMG/right_2019_05_16_11_25_58_520.jpg,0.0,0.6078869,0,32.103159999999995,0
IMG/center_2019_05_16_11_25_58_596.jpg,IMG/left_2019_05_16_11_25_58_596.jpg,IMG/right_2019_05_16_11_25_58_596.jpg,0.0,0.3814019,0,32.314479999999996,0
IMG/center_2019_05_16_11_25_58_672.jpg,IMG/left_2019_05_16_11_25_58_672.jpg,IMG/right_2019_05_16_11_25_58_672.jpg,0.0,0.1518177,0,32.33324,0
IMG/center_2019_05_16_11_25_58_749.jpg,IMG/left_2019_05_16_11_25_58_749.jpg,IMG/right_2019_05_16_11_25_58_749.jpg,0.0,0.0,0,32.13428,0
IMG/center_2019_05_16_11_25_58_825.jpg,IMG/left_2019_05_16_11_25_58_825.jpg,IMG/right_2019_05_16_11_25_58_825.jpg,0.0,0.0,0,31.877,0
IMG/center_2019_05_16_11_25_58_901.jpg,IMG/left_2019_05_16_11_25_58_901.jpg,IMG/right_2019_05_16_11_25_58_901.jpg,0.0,0.0,0,31.62068,0
IMG/center_2019_05_16_11_25_58_977.jpg,IMG/left_2019_05_16_11_25_58_977.jpg,IMG/right_2019_05_16_11_25_58_977.jpg,0.0,0.0,0,31.3664,0
IMG/center_2019_05_16_11_25_59_053.jpg,IMG/left_2019_05_16_11_25_59_053.jpg,IMG/right_2019_05_16_11_25_59_053.jpg,0.0,0.0,0,31.17703,0
IMG/center_2019_05_16_11_25_59_129.jpg,IMG/left_2019_05_16_11_25_59_129.jpg,IMG/right_2019_05_16_11_25_59_129.jpg,0.0,0.0,0,30.92632,0
IMG/center_2019_05_16_11_25_59_203.jpg,IMG/left_2019_05_16_11_25_59_203.jpg,IMG/right_2019_05_16_11_25_59_203.jpg,0.0,0.0,0,30.67762,0
IMG/center_2019_05_16_11_25_59_279.jpg,IMG/left_2019_05_16_11_25_59_279.jpg,IMG/right_2019_05_16_11_25_59_279.jpg,0.0,0.0,0,30.43093,0
IMG/center_2019_05_16_11_25_59_353.jpg,IMG/left_2019_05_16_11_25_59_353.jpg,IMG/right_2019_05_16_11_25_59_353.jpg,0.0,0.0,0,30.24721,0
IMG/center_2019_05_16_11_25_59_428.jpg,IMG/left_2019_05_16_11_25_59_428.jpg,IMG/right_2019_05_16_11_25_59_428.jpg,0.0,0.0,0,30.00398,0
IMG/center_2019_05_16_11_25_59_503.jpg,IMG/left_2019_05_16_11_25_59_503.jpg,IMG/right_2019_05_16_11_25_59_503.jpg,0.0,0.0,0,29.7627,0
IMG/center_2019_05_16_11_25_59_578.jpg,IMG/left_2019_05_16_11_25_59_578.jpg,IMG/right_2019_05_16_11_25_59_578.jpg,0.0,0.0,0,29.52337,0
IMG/center_2019_05_16_11_25_59_652.jpg,IMG/left_2019_05_16_11_25_59_652.jpg,IMG/right_2019_05_16_11_25_59_652.jpg,0.0,0.0,0,29.345129999999997,0
IMG/center_2019_05_16_11_25_59_728.jpg,IMG/left_2019_05_16_11_25_59_728.jpg,IMG/right_2019_05_16_11_25_59_728.jpg,0.0,0.0,0,29.10916,0
IMG/center_2019_05_16_11_25_59_803.jpg,IMG/left_2019_05_16_11_25_59_803.jpg,IMG/right_2019_05_16_11_25_59_803.jpg,0.0,0.0,0,28.875090000000004,0
IMG/center_2019_05_16_11_25_59_877.jpg,IMG/left_2019_05_16_11_25_59_877.jpg,IMG/right_2019_05_16_11_25_59_877.jpg,0.0,0.0,0,28.6429,0
IMG/center_2019_05_16_11_25_59_952.jpg,IMG/left_2019_05_16_11_25_59_952.jpg,IMG/right_2019_05_16_11_25_59_952.jpg,0.0,0.0,0,28.469990000000003,0
IMG/center_2019_05_16_11_26_00_026.jpg,IMG/left_2019_05_16_11_26_00_026.jpg,IMG/right_2019_05_16_11_26_00_026.jpg,0.0,0.0,0,28.241059999999997,0
IMG/center_2019_05_16_11_26_00_104.jpg,IMG/left_2019_05_16_11_26_00_104.jpg,IMG/right_2019_05_16_11_26_00_104.jpg,0.0,0.0,0,28.01398,0
IMG/center_2019_05_16_11_26_00_177.jpg,IMG/left_2019_05_16_11_26_00_177.jpg,IMG/right_2019_05_16_11_26_00_177.jpg,0.0,0.0,0,27.78872,0
IMG/center_2019_05_16_11_26_00_253.jpg,IMG/left_2019_05_16_11_26_00_253.jpg,IMG/right_2019_05_16_11_26_00_253.jpg,0.0,0.0,0,27.620959999999997,0
IMG/center_2019_05_16_11_26_00_327.jpg,IMG/left_2019_05_16_11_26_00_327.jpg,IMG/right_2019_05_16_11_26_00_327.jpg,0.0,0.0,0,27.39886,0
IMG/center_2019_05_16_11_26_00_405.jpg,IMG/left_2019_05_16_11_26_00_405.jpg,IMG/right_2019_05_16_11_26_00_405.jpg,0.0,0.0,0,27.17855,0
IMG/center_2019_05_16_11_26_00_479.jpg,IMG/left_2019_05_16_11_26_00_479.jpg,IMG/right_2019_05_16_11_26_00_479.jpg,0.1,0.0,0,26.956909999999997,0
IMG/center_2019_05_16_11_26_00_566.jpg,IMG/left_2019_05_16_11_26_00_566.jpg,IMG/right_2019_05_16_11_26_00_566.jpg,0.3,0.1009591,0,26.727929999999997,0
IMG/center_2019_05_16_11_26_00_648.jpg,IMG/left_2019_05_16_11_26_00_648.jpg,IMG/right_2019_05_16_11_26_00_648.jpg,0.5000001000000001,0.3466769,0,26.59269,0
IMG/center_2019_05_16_11_26_00_729.jpg,IMG/left_2019_05_16_11_26_00_729.jpg,IMG/right_2019_05_16_11_26_00_729.jpg,0.6615089,0.42646190000000006,0,26.627409999999998,0
IMG/center_2019_05_16_11_26_00_807.jpg,IMG/left_2019_05_16_11_26_00_807.jpg,IMG/right_2019_05_16_11_26_00_807.jpg,0.42784490000000003,0.1927979,0,26.66755,0
IMG/center_2019_05_16_11_26_00_886.jpg,IMG/left_2019_05_16_11_26_00_886.jpg,IMG/right_2019_05_16_11_26_00_886.jpg,0.19034389999999998,0.0,0,26.54808,0
IMG/center_2019_05_16_11_26_00_961.jpg,IMG/left_2019_05_16_11_26_00_961.jpg,IMG/right_2019_05_16_11_26_00_961.jpg,0.09124379,0.0,0,26.32331,0
IMG/center_2019_05_16_11_26_01_035.jpg,IMG/left_2019_05_16_11_26_01_035.jpg,IMG/right_2019_05_16_11_26_01_035.jpg,0.2412438,0.0,0,26.164170000000002,0
IMG/center_2019_05_16_11_26_01_104.jpg,IMG/left_2019_05_16_11_26_01_104.jpg,IMG/right_2019_05_16_11_26_01_104.jpg,0.4412438,0.0,0,25.89815,0
IMG/center_2019_05_16_11_26_01_173.jpg,IMG/left_2019_05_16_11_26_01_173.jpg,IMG/right_2019_05_16_11_26_01_173.jpg,0.5912439,0.0,0,25.63805,0
IMG/center_2019_05_16_11_26_01_240.jpg,IMG/left_2019_05_16_11_26_01_240.jpg,IMG/right_2019_05_16_11_26_01_240.jpg,0.7912439,0.0,0,25.21431,0
IMG/center_2019_05_16_11_26_01_328.jpg,IMG/left_2019_05_16_11_26_01_328.jpg,IMG/right_2019_05_16_11_26_01_328.jpg,0.991244,0.0,0,24.714489999999998,0
IMG/center_2019_05_16_11_26_01_410.jpg,IMG/left_2019_05_16_11_26_01_410.jpg,IMG/right_2019_05_16_11_26_01_410.jpg,1.0,0.0,0,24.25228,0
IMG/center_2019_05_16_11_26_01_489.jpg,IMG/left_2019_05_16_11_26_01_489.jpg,IMG/right_2019_05_16_11_26_01_489.jpg,1.0,0.0,0,23.89043,0
IMG/center_2019_05_16_11_26_01_572.jpg,IMG/left_2019_05_16_11_26_01_572.jpg,IMG/right_2019_05_16_11_26_01_572.jpg,1.0,0.0,0,23.58561,0
IMG/center_2019_05_16_11_26_01_649.jpg,IMG/left_2019_05_16_11_26_01_649.jpg,IMG/right_2019_05_16_11_26_01_649.jpg,1.0,0.0,0,23.3112,0
IMG/center_2019_05_16_11_26_01_726.jpg,IMG/left_2019_05_16_11_26_01_726.jpg,IMG/right_2019_05_16_11_26_01_726.jpg,1.0,0.0,0,23.05384,0
IMG/center_2019_05_16_11_26_01_801.jpg,IMG/left_2019_05_16_11_26_01_801.jpg,IMG/right_2019_05_16_11_26_01_801.jpg,1.0,0.0,0,22.80684,0
IMG/center_2019_05_16_11_26_01_870.jpg,IMG/left_2019_05_16_11_26_01_870.jpg,IMG/right_2019_05_16_11_26_01_870.jpg,1.0,0.0,0,22.62621,0
IMG/center_2019_05_16_11_26_01_938.jpg,IMG/left_2019_05_16_11_26_01_938.jpg,IMG/right_2019_05_16_11_26_01_938.jpg,0.9469898999999999,0.20649610000000002,0,22.492810000000002,0
IMG/center_2019_05_16_11_26_02_005.jpg,IMG/left_2019_05_16_11_26_02_005.jpg,IMG/right_2019_05_16_11_26_02_005.jpg,0.7463528,0.40713320000000003,0,22.62493,0
IMG/center_2019_05_16_11_26_02_085.jpg,IMG/left_2019_05_16_11_26_02_085.jpg,IMG/right_2019_05_16_11_26_02_085.jpg,0.5064517,0.16723220000000003,0,22.802570000000003,0
IMG/center_2019_05_16_11_26_02_153.jpg,IMG/left_2019_05_16_11_26_02_153.jpg,IMG/right_2019_05_16_11_26_02_153.jpg,0.3022809,0.0,0,22.81648,0
IMG/center_2019_05_16_11_26_02_225.jpg,IMG/left_2019_05_16_11_26_02_225.jpg,IMG/right_2019_05_16_11_26_02_225.jpg,0.11526289999999999,0.0,0,22.66904,0
IMG/center_2019_05_16_11_26_02_302.jpg,IMG/left_2019_05_16_11_26_02_302.jpg,IMG/right_2019_05_16_11_26_02_302.jpg,-0.08473711,0.0,0,22.47264,0
IMG/center_2019_05_16_11_26_02_373.jpg,IMG/left_2019_05_16_11_26_02_373.jpg,IMG/right_2019_05_16_11_26_02_373.jpg,-0.2347371,0.0,0,22.14742,0
IMG/center_2019_05_16_11_26_02_445.jpg,IMG/left_2019_05_16_11_26_02_445.jpg,IMG/right_2019_05_16_11_26_02_445.jpg,-0.4347371,0.08878791,0,21.849079999999997,0
IMG/center_2019_05_16_11_26_02_522.jpg,IMG/left_2019_05_16_11_26_02_522.jpg,IMG/right_2019_05_16_11_26_02_522.jpg,-0.6347371999999999,0.3185699,0,21.703670000000002,0
IMG/center_2019_05_16_11_26_02_599.jpg,IMG/left_2019_05_16_11_26_02_599.jpg,IMG/right_2019_05_16_11_26_02_599.jpg,-0.8347372,0.5504161,0,21.725179999999998,0
IMG/center_2019_05_16_11_26_02_678.jpg,IMG/left_2019_05_16_11_26_02_678.jpg,IMG/right_2019_05_16_11_26_02_678.jpg,-0.764713,0.3151292,0,21.77273,0
IMG/center_2019_05_16_11_26_02_759.jpg,IMG/left_2019_05_16_11_26_02_759.jpg,IMG/right_2019_05_16_11_26_02_759.jpg,-0.5216440999999999,0.07206023,0,21.754189999999998,0
IMG/center_2019_05_16_11_26_02_842.jpg,IMG/left_2019_05_16_11_26_02_842.jpg,IMG/right_2019_05_16_11_26_02_842.jpg,-0.27301620000000004,0.0,0,21.61216,0
IMG/center_2019_05_16_11_26_02_926.jpg,IMG/left_2019_05_16_11_26_02_926.jpg,IMG/right_2019_05_16_11_26_02_926.jpg,-0.02447119,0.0,0,21.44312,0
IMG/center_2019_05_16_11_26_02_994.jpg,IMG/left_2019_05_16_11_26_02_994.jpg,IMG/right_2019_05_16_11_26_02_994.jpg,0.1255288,0.0,0,21.42524,0
IMG/center_2019_05_16_11_26_03_063.jpg,IMG/left_2019_05_16_11_26_03_063.jpg,IMG/right_2019_05_16_11_26_03_063.jpg,0.05234098,0.0,0,21.216620000000002,0
IMG/center_2019_05_16_11_26_03_137.jpg,IMG/left_2019_05_16_11_26_03_137.jpg,IMG/right_2019_05_16_11_26_03_137.jpg,0.0,0.0,0,21.04798,0
IMG/center_2019_05_16_11_26_03_205.jpg,IMG/left_2019_05_16_11_26_03_205.jpg,IMG/right_2019_05_16_11_26_03_205.jpg,0.0,0.0,0,20.74346,0
IMG/center_2019_05_16_11_26_03_289.jpg,IMG/left_2019_05_16_11_26_03_289.jpg,IMG/right_2019_05_16_11_26_03_289.jpg,0.2,0.0,0,20.52908,0
IMG/center_2019_05_16_11_26_03_359.jpg,IMG/left_2019_05_16_11_26_03_359.jpg,IMG/right_2019_05_16_11_26_03_359.jpg,0.4,0.0,0,20.26193,0
IMG/center_2019_05_16_11_26_03_431.jpg,IMG/left_2019_05_16_11_26_03_431.jpg,IMG/right_2019_05_16_11_26_03_431.jpg,0.5500001,0.0,0,20.32398,0
IMG/center_2019_05_16_11_26_03_499.jpg,IMG/left_2019_05_16_11_26_03_499.jpg,IMG/right_2019_05_16_11_26_03_499.jpg,0.7500001999999999,0.0,0,19.982470000000003,0
IMG/center_2019_05_16_11_26_03_568.jpg,IMG/left_2019_05_16_11_26_03_568.jpg,IMG/right_2019_05_16_11_26_03_568.jpg,0.9000002,0.2053413,0,19.50613,0
IMG/center_2019_05_16_11_26_03_636.jpg,IMG/left_2019_05_16_11_26_03_636.jpg,IMG/right_2019_05_16_11_26_03_636.jpg,0.8468709000000001,0.3091264,0,19.45403,0
IMG/center_2019_05_16_11_26_03_718.jpg,IMG/left_2019_05_16_11_26_03_718.jpg,IMG/right_2019_05_16_11_26_03_718.jpg,0.6009971,0.06325257,0,19.43219,0
IMG/center_2019_05_16_11_26_03_797.jpg,IMG/left_2019_05_16_11_26_03_797.jpg,IMG/right_2019_05_16_11_26_03_797.jpg,0.3973811,0.0,0,19.29029,0
IMG/center_2019_05_16_11_26_03_867.jpg,IMG/left_2019_05_16_11_26_03_867.jpg,IMG/right_2019_05_16_11_26_03_867.jpg,0.24738110000000002,0.0,0,19.5784,0
IMG/center_2019_05_16_11_26_03_937.jpg,IMG/left_2019_05_16_11_26_03_937.jpg,IMG/right_2019_05_16_11_26_03_937.jpg,0.04738111,0.0,0,19.41749,0
IMG/center_2019_05_16_11_26_04_008.jpg,IMG/left_2019_05_16_11_26_04_008.jpg,IMG/right_2019_05_16_11_26_04_008.jpg,-0.10261889999999999,0.0,0,18.8898,0
IMG/center_2019_05_16_11_26_04_081.jpg,IMG/left_2019_05_16_11_26_04_081.jpg,IMG/right_2019_05_16_11_26_04_081.jpg,-0.3026189,0.0,0,18.66639,0
IMG/center_2019_05_16_11_26_04_150.jpg,IMG/left_2019_05_16_11_26_04_150.jpg,IMG/right_2019_05_16_11_26_04_150.jpg,-0.45261899999999994,0.0,0,18.83311,0
IMG/center_2019_05_16_11_26_04_230.jpg,IMG/left_2019_05_16_11_26_04_230.jpg,IMG/right_2019_05_16_11_26_04_230.jpg,-0.8456681999999999,0.0,0,18.41088,0
IMG/center_2019_05_16_11_26_04_301.jpg,IMG/left_2019_05_16_11_26_04_301.jpg,IMG/right_2019_05_16_11_26_04_301.jpg,-0.9139331,0.0,0,18.06042,0
IMG/center_2019_05_16_11_26_04_375.jpg,IMG/left_2019_05_16_11_26_04_375.jpg,IMG/right_2019_05_16_11_26_04_375.jpg,-1.0,0.0,0,17.367160000000002,0
IMG/center_2019_05_16_11_26_04_456.jpg,IMG/left_2019_05_16_11_26_04_456.jpg,IMG/right_2019_05_16_11_26_04_456.jpg,-1.0,0.0,0,17.44663,0
IMG/center_2019_05_16_11_26_04_539.jpg,IMG/left_2019_05_16_11_26_04_539.jpg,IMG/right_2019_05_16_11_26_04_539.jpg,-0.7573479999999999,0.0,0,17.32992,0
IMG/center_2019_05_16_11_26_04_621.jpg,IMG/left_2019_05_16_11_26_04_621.jpg,IMG/right_2019_05_16_11_26_04_621.jpg,-0.5119180999999999,0.0,0,17.24746,0
IMG/center_2019_05_16_11_26_04_688.jpg,IMG/left_2019_05_16_11_26_04_688.jpg,IMG/right_2019_05_16_11_26_04_688.jpg,-0.36015890000000006,0.0,0,16.67877,0
IMG/center_2019_05_16_11_26_04_771.jpg,IMG/left_2019_05_16_11_26_04_771.jpg,IMG/right_2019_05_16_11_26_04_771.jpg,0.24766799999999997,0.0,0,16.57174,0
IMG/center_2019_05_16_11_26_04_854.jpg,IMG/left_2019_05_16_11_26_04_854.jpg,IMG/right_2019_05_16_11_26_04_854.jpg,0.05049312,0.0,0,16.28056,0
IMG/center_2019_05_16_11_26_04_939.jpg,IMG/left_2019_05_16_11_26_04_939.jpg,IMG/right_2019_05_16_11_26_04_939.jpg,0.0,0.0,0,16.64444,0
IMG/center_2019_05_16_11_26_05_006.jpg,IMG/left_2019_05_16_11_26_05_006.jpg,IMG/right_2019_05_16_11_26_05_006.jpg,0.0,0.0,0,16.00371,0
IMG/center_2019_05_16_11_26_05_076.jpg,IMG/left_2019_05_16_11_26_05_076.jpg,IMG/right_2019_05_16_11_26_05_076.jpg,0.1,0.0,0,15.87156,0
IMG/center_2019_05_16_11_26_05_149.jpg,IMG/left_2019_05_16_11_26_05_149.jpg,IMG/right_2019_05_16_11_26_05_149.jpg,0.25,0.0,0,16.280160000000002,0
IMG/center_2019_05_16_11_26_05_215.jpg,IMG/left_2019_05_16_11_26_05_215.jpg,IMG/right_2019_05_16_11_26_05_215.jpg,0.158727,0.0,0,15.63914,0
IMG/center_2019_05_16_11_26_05_282.jpg,IMG/left_2019_05_16_11_26_05_282.jpg,IMG/right_2019_05_16_11_26_05_282.jpg,0.0,0.0,0,15.515170000000001,0
IMG/center_2019_05_16_11_26_05_354.jpg,IMG/left_2019_05_16_11_26_05_354.jpg,IMG/right_2019_05_16_11_26_05_354.jpg,0.0,0.0,0,15.96178,0
IMG/center_2019_05_16_11_26_05_425.jpg,IMG/left_2019_05_16_11_26_05_425.jpg,IMG/right_2019_05_16_11_26_05_425.jpg,0.15,0.0,0,15.832220000000001,0
IMG/center_2019_05_16_11_26_05_492.jpg,IMG/left_2019_05_16_11_26_05_492.jpg,IMG/right_2019_05_16_11_26_05_492.jpg,0.3,0.0,0,15.1892,0
IMG/center_2019_05_16_11_26_05_559.jpg,IMG/left_2019_05_16_11_26_05_559.jpg,IMG/right_2019_05_16_11_26_05_559.jpg,0.5000001000000001,0.0,0,14.995460000000001,0
IMG/center_2019_05_16_11_26_05_631.jpg,IMG/left_2019_05_16_11_26_05_631.jpg,IMG/right_2019_05_16_11_26_05_631.jpg,0.3581189,0.0,0,15.38851,0
IMG/center_2019_05_16_11_26_05_700.jpg,IMG/left_2019_05_16_11_26_05_700.jpg,IMG/right_2019_05_16_11_26_05_700.jpg,0.15176689999999998,0.0,0,15.270979999999998,0
IMG/center_2019_05_16_11_26_05_766.jpg,IMG/left_2019_05_16_11_26_05_766.jpg,IMG/right_2019_05_16_11_26_05_766.jpg,0.1532079,0.0,0,14.681939999999999,0
IMG/center_2019_05_16_11_26_05_833.jpg,IMG/left_2019_05_16_11_26_05_833.jpg,IMG/right_2019_05_16_11_26_05_833.jpg,0.30320790000000003,0.0,0,15.07726,0
IMG/center_2019_05_16_11_26_05_903.jpg,IMG/left_2019_05_16_11_26_05_903.jpg,IMG/right_2019_05_16_11_26_05_903.jpg,0.3561959,0.0,0,14.93488,0
IMG/center_2019_05_16_11_26_05_980.jpg,IMG/left_2019_05_16_11_26_05_980.jpg,IMG/right_2019_05_16_11_26_05_980.jpg,0.1308872,0.0,0,14.82695,0
IMG/center_2019_05_16_11_26_06_048.jpg,IMG/left_2019_05_16_11_26_06_048.jpg,IMG/right_2019_05_16_11_26_06_048.jpg,0.0,0.0,0,14.16375,0
IMG/center_2019_05_16_11_26_06_123.jpg,IMG/left_2019_05_16_11_26_06_123.jpg,IMG/right_2019_05_16_11_26_06_123.jpg,0.0,0.0,0,14.05551,0
IMG/center_2019_05_16_11_26_06_196.jpg,IMG/left_2019_05_16_11_26_06_196.jpg,IMG/right_2019_05_16_11_26_06_196.jpg,0.1,0.0,0,14.515479999999998,0
IMG/center_2019_05_16_11_26_06_264.jpg,IMG/left_2019_05_16_11_26_06_264.jpg,IMG/right_2019_05_16_11_26_06_264.jpg,0.3,0.0,0,14.348410000000001,0
IMG/center_2019_05_16_11_26_06_331.jpg,IMG/left_2019_05_16_11_26_06_331.jpg,IMG/right_2019_05_16_11_26_06_331.jpg,0.1074901,0.0,0,13.77038,0
IMG/center_2019_05_16_11_26_06_402.jpg,IMG/left_2019_05_16_11_26_06_402.jpg,IMG/right_2019_05_16_11_26_06_402.jpg,0.0,0.0,0,13.584610000000001,0
IMG/center_2019_05_16_11_26_06_475.jpg,IMG/left_2019_05_16_11_26_06_475.jpg,IMG/right_2019_05_16_11_26_06_475.jpg,0.0,0.0,0,14.03001,0
IMG/center_2019_05_16_11_26_06_545.jpg,IMG/left_2019_05_16_11_26_06_545.jpg,IMG/right_2019_05_16_11_26_06_545.jpg,0.0,0.0,0,13.9379,0
IMG/center_2019_05_16_11_26_06_614.jpg,IMG/left_2019_05_16_11_26_06_614.jpg,IMG/right_2019_05_16_11_26_06_614.jpg,0.0,0.0,0,13.253060000000001,0
IMG/center_2019_05_16_11_26_06_684.jpg,IMG/left_2019_05_16_11_26_06_684.jpg,IMG/right_2019_05_16_11_26_06_684.jpg,0.0,0.0,0,13.141589999999999,0
IMG/center_2019_05_16_11_26_06_752.jpg,IMG/left_2019_05_16_11_26_06_752.jpg,IMG/right_2019_05_16_11_26_06_752.jpg,0.0,0.0,0,13.62142,0
IMG/center_2019_05_16_11_26_06_946.jpg,IMG/left_2019_05_16_11_26_06_946.jpg,IMG/right_2019_05_16_11_26_06_946.jpg,0.0,0.0,0,13.36919,0
